<?xml version="1.0" encoding="UTF-8"?>
<project-private xmlns="http://www.netbeans.org/ns/project-private/1">
    <editor-bookmarks xmlns="http://www.netbeans.org/ns/editor-bookmarks/2" lastBookmarkId="0"/>
    <open-files xmlns="http://www.netbeans.org/ns/projectui-open-files/2">
        <group>
            <file>file:/Users/macbookpro/NetBeansProjects/aircraft/src/aircraft/AjouterAeroclub.java</file>
            <file>file:/Users/macbookpro/NetBeansProjects/aircraft/src/aircraft/Carte.java</file>
            <file>file:/Users/macbookpro/NetBeansProjects/aircraft/src/aircraft/Login.java</file>
            <file>file:/Users/macbookpro/NetBeansProjects/aircraft/src/aircraft/AdminPannel.java</file>
            <file>file:/Users/macbookpro/NetBeansProjects/aircraft/src/aircraft/Reserver.java</file>
            <file>file:/Users/macbookpro/NetBeansProjects/aircraft/src/aircraft/Details.java</file>
            <file>file:/Users/macbookpro/NetBeansProjects/aircraft/src/aircraft/AjouterAvion.java</file>
            <file>file:/Users/macbookpro/NetBeansProjects/aircraft/src/aircraft/Register.java</file>
            <file>file:/Users/macbookpro/NetBeansProjects/aircraft/src/aircraft/ChoixVille.java</file>
        </group>
    </open-files>
</project-private>
