<?xml version="1.0" encoding="UTF-8"?>
<project-private xmlns="http://www.netbeans.org/ns/project-private/1">
    <editor-bookmarks xmlns="http://www.netbeans.org/ns/editor-bookmarks/2" lastBookmarkId="0"/>
    <open-files xmlns="http://www.netbeans.org/ns/projectui-open-files/2">
        <group>
            <file>file://DC1.BTSSIO82.local/Shares/ProfilsUtilisateurs$/c.denys/Documents/EPREUVE%20BTS/aircraft/src/aircraft/Carte.java</file>
            <file>file://DC1.BTSSIO82.local/Shares/ProfilsUtilisateurs$/c.denys/Documents/EPREUVE%20BTS/aircraft/src/aircraft/Register.java</file>
            <file>file://DC1.BTSSIO82.local/Shares/ProfilsUtilisateurs$/c.denys/Documents/EPREUVE%20BTS/aircraft/src/aircraft/db.java</file>
            <file>file://DC1.BTSSIO82.local/Shares/ProfilsUtilisateurs$/c.denys/Documents/EPREUVE%20BTS/aircraft/src/aircraft/Reserver.java</file>
        </group>
    </open-files>
</project-private>
